# txn_name, cc, ab, benchmark, duration, clients, tps, attempts, commits, start_cnt, total_cnt, 50.0, 90.0, 99.0, 99.9, avg, max, min, zipf, experiment_id
# git sha: 1576d1f5c857823cb5dd72350f942c364f25982f
PAYMENT, 2PL, fpga_raft, tpca, 45.377354327999996, 2000, 2249.095424609745, 103294, 102058, 102058, 102058, 893.176513671875, 1132.14794921875, 1701.908203125, 2363.44482421875, 917.9593682518375, 3840.46484375, 4.615234375, 1, 1
PAYMENT, 2PL, fpga_raft, tpca, 45.377354327999996, 2000, 2249.095424609745, 103294, 102058, 102058, 102058, 893.176513671875, 1132.14794921875, 1701.908203125, 2363.44482421875, 917.9593682518375, 3840.46484375, 4.615234375, 1, 1
