# txn_name, cc, ab, benchmark, duration, clients, tps, attempts, commits, start_cnt, total_cnt, 50.0, 90.0, 99.0, 99.9, avg, max, min, zipf, experiment_id
# git sha: cebc5e1a554fa7d59543ef1a96d5cbeff0d60e3e
PAYMENT, 2PL, fpga_raft, tpca, 46.40073636899999, 5000, 8049.290361036771, 387134, 373493, 373493, 373493, 583.04052734375, 676.182861328125, 1352.751708984375, 1993.295166015625, 621.0209769293253, 4577.342529296875, 388.24169921875, 1, 1
PAYMENT, 2PL, fpga_raft, tpca, 46.40073636899999, 5000, 8049.290361036771, 387134, 373493, 373493, 373493, 583.04052734375, 676.182861328125, 1352.751708984375, 1993.295166015625, 621.0209769293253, 4577.342529296875, 388.24169921875, 1, 1
