# txn_name, cc, ab, benchmark, duration, clients, tps, attempts, commits, start_cnt, total_cnt, 50.0, 90.0, 99.0, 99.9, avg, max, min, zipf, experiment_id
# git sha: 1576d1f5c857823cb5dd72350f942c364f25982f
PAYMENT, 2PL, fpga_raft, tpca, 120.58151263499998, 1, 1152.556448853674, 138977, 138977, 138977, 138977, 0.845703125, 0.974609375, 1.244873046875, 1.642822265625, 0.8644428175397558, 107.861083984375, 0.618896484375, 1, 1
PAYMENT, 2PL, fpga_raft, tpca, 120.58151263499998, 1, 1152.556448853674, 138977, 138977, 138977, 138977, 0.845703125, 0.974609375, 1.244873046875, 1.642822265625, 0.8644428175397558, 107.861083984375, 0.618896484375, 1, 1
