# txn_name, cc, ab, benchmark, duration, clients, tps, attempts, commits, start_cnt, total_cnt, 50.0, 90.0, 99.0, 99.9, avg, max, min, zipf, experiment_id
# git sha: cebc5e1a554fa7d59543ef1a96d5cbeff0d60e3e
PAYMENT, 2PL, fpga_raft, tpca, 46.47940330899999, 2000, 9091.596920698328, 428502, 422572, 422572, 422572, 218.0146484375, 256.363037109375, 434.324951171875, 565.8759765625, 223.25916996770403, 1078.139404296875, 122.702392578125, 1, 1
PAYMENT, 2PL, fpga_raft, tpca, 46.47940330899999, 2000, 9091.596920698328, 428502, 422572, 422572, 422572, 218.0146484375, 256.363037109375, 434.324951171875, 565.8759765625, 223.25916996770403, 1078.139404296875, 122.702392578125, 1, 1
