# txn_name, cc, ab, benchmark, duration, clients, tps, attempts, commits, start_cnt, total_cnt, 50.0, 90.0, 99.0, 99.9, avg, max, min, zipf, experiment_id
# git sha: 1576d1f5c857823cb5dd72350f942c364f25982f
PAYMENT, 2PL, fpga_raft, tpca, 45.399104402999996, 2000, 2119.4691231319002, 97447, 96222, 96222, 96222, 904.01904296875, 1178.57470703125, 1764.099853515625, 2402.147705078125, 937.4978994098716, 4170.531494140625, 12.86767578125, 1, 1
PAYMENT, 2PL, fpga_raft, tpca, 45.399104402999996, 2000, 2119.4691231319002, 97447, 96222, 96222, 96222, 904.01904296875, 1178.57470703125, 1764.099853515625, 2402.147705078125, 937.4978994098716, 4170.531494140625, 12.86767578125, 1, 1
