# txn_name, cc, ab, benchmark, duration, clients, tps, attempts, commits, start_cnt, total_cnt, 50.0, 90.0, 99.0, 99.9, avg, max, min, zipf, experiment_id
# git sha: 8a6743bdf1cee5600c9449a8f4bb6510e93b97d3
PAYMENT, 2PL, fpga_raft, tpca, 46.77779787000001, 5000, 9476.95317406783, 459176, 443311, 443311, 443311, 494.96435546875, 617.58056640625, 1148.265380859375, 1671.1796875, 529.5485085278019, 3029.295654296875, 349.70263671875, 1, 1
PAYMENT, 2PL, fpga_raft, tpca, 46.77779787000001, 5000, 9476.95317406783, 459176, 443311, 443311, 443311, 494.96435546875, 617.58056640625, 1148.265380859375, 1671.1796875, 529.5485085278019, 3029.295654296875, 349.70263671875, 1, 1
