# txn_name, cc, ab, benchmark, duration, clients, tps, attempts, commits, start_cnt, total_cnt, 50.0, 90.0, 99.0, 99.9, avg, max, min, zipf, experiment_id
# git sha: 541b57029bb59b0cdb0627e4181323b6154c85d5
PAYMENT, 2PL, fpga_raft, tpca, 46.465479775, 5000, 8827.370383049058, 424276, 410168, 410168, 410168, 490.685791015625, 659.1025390625, 3716.667724609375, 4162.714599609375, 599.4588165855204, 5707.570068359375, 344.994384765625, 1, 1
PAYMENT, 2PL, fpga_raft, tpca, 46.465479775, 5000, 8827.370383049058, 424276, 410168, 410168, 410168, 490.685791015625, 659.1025390625, 3716.667724609375, 4162.714599609375, 599.4588165855204, 5707.570068359375, 344.994384765625, 1, 1
