# txn_name, cc, ab, benchmark, duration, clients, tps, attempts, commits, start_cnt, total_cnt, 50.0, 90.0, 99.0, 99.9, avg, max, min, zipf, experiment_id
# git sha: 1576d1f5c857823cb5dd72350f942c364f25982f
PAYMENT, 2PL, fpga_raft, tpca, 45.412359495000004, 2000, 2034.0497835213835, 93466, 92371, 92371, 92371, 924.029052734375, 1184.931640625, 1764.104736328125, 2388.75146484375, 961.7844481185894, 3967.208740234375, 13.212158203125, 1, 1
PAYMENT, 2PL, fpga_raft, tpca, 45.412359495000004, 2000, 2034.0497835213835, 93466, 92371, 92371, 92371, 924.029052734375, 1184.931640625, 1764.104736328125, 2388.75146484375, 961.7844481185894, 3967.208740234375, 13.212158203125, 1, 1
