# txn_name, cc, ab, benchmark, duration, clients, tps, attempts, commits, start_cnt, total_cnt, 50.0, 90.0, 99.0, 99.9, avg, max, min, zipf, experiment_id
# git sha: 1576d1f5c857823cb5dd72350f942c364f25982f
PAYMENT, 2PL, fpga_raft, tpca, 121.35390775799999, 2000, 2539.226018287707, 312220, 308145, 308145, 308145, 787.845947265625, 1089.049560546875, 1655.81103515625, 2378.702880859375, 850.4100026099242, 3568.89501953125, 19.76806640625, 1, 1
PAYMENT, 2PL, fpga_raft, tpca, 121.35390775799999, 2000, 2539.226018287707, 312220, 308145, 308145, 308145, 787.845947265625, 1089.049560546875, 1655.81103515625, 2378.702880859375, 850.4100026099242, 3568.89501953125, 19.76806640625, 1, 1
