# txn_name, cc, ab, benchmark, duration, clients, tps, attempts, commits, start_cnt, total_cnt, 50.0, 90.0, 99.0, 99.9, avg, max, min, zipf, experiment_id
# git sha: 1576d1f5c857823cb5dd72350f942c364f25982f
PAYMENT, 2PL, fpga_raft, tpca, 120.99411660799998, 2000, 1989.2289538323403, 243702, 240685, 240684, 240685, 946.7578125, 1213.05126953125, 1897.643798828125, 2548.2255859375, 998.0058630717631, 4712.805908203125, 5.3603515625, 1, 1
PAYMENT, 2PL, fpga_raft, tpca, 120.99411660799998, 2000, 1989.2289538323403, 243702, 240685, 240684, 240685, 946.7578125, 1213.05126953125, 1897.643798828125, 2548.2255859375, 998.0058630717631, 4712.805908203125, 5.3603515625, 1, 1
