# txn_name, cc, ab, benchmark, duration, clients, tps, attempts, commits, start_cnt, total_cnt, 50.0, 90.0, 99.0, 99.9, avg, max, min, zipf, experiment_id
# git sha: 792820377bb72835259b7a29e4df08804e289d23
PAYMENT, 2PL, fpga_raft, tpca, 145.70060961400003, 1, 1148.9176362644066, 167398, 167398, 167398, 167398, 0.78564453125, 1.044677734375, 1.60986328125, 5.384033203125, 0.8643498526126885, 20.332275390625, 0.604736328125, 1, 1
PAYMENT, 2PL, fpga_raft, tpca, 145.70060961400003, 1, 1148.9176362644066, 167398, 167398, 167398, 167398, 0.78564453125, 1.044677734375, 1.60986328125, 5.384033203125, 0.8643498526126885, 20.332275390625, 0.604736328125, 1, 1
