# txn_name, cc, ab, benchmark, duration, clients, tps, attempts, commits, start_cnt, total_cnt, 50.0, 90.0, 99.0, 99.9, avg, max, min, zipf, experiment_id
# git sha: 80eedac4e395b5ebc2b2189dff753ade7f8021e5
PAYMENT, 2PL, fpga_raft, tpca, 145.51674027500002, 1, 1017.3193800262235, 148037, 148037, 148037, 148037, 0.9345703125, 1.119873046875, 2.28662109375, 7.25927734375, 0.9823070499378702, 60.681396484375, 0.6337890625, 1, 1
PAYMENT, 2PL, fpga_raft, tpca, 145.51674027500002, 1, 1017.3193800262235, 148037, 148037, 148037, 148037, 0.9345703125, 1.119873046875, 2.28662109375, 7.25927734375, 0.9823070499378702, 60.681396484375, 0.6337890625, 1, 1
