# txn_name, cc, ab, benchmark, duration, clients, tps, attempts, commits, start_cnt, total_cnt, 50.0, 90.0, 99.0, 99.9, avg, max, min, zipf, experiment_id
# git sha: 55f0a07ed9993f59eb3123d5bdca6e4fd146d69c
PAYMENT, OCC, multi_paxos, tpca, 25.082427275, 1, 684.5828679872052, 17171, 17171, 17170, 17171, 1.368896484375, 1.544921875, 1.87890625, 4.096923828125, 1.4039421232482916, 11.06884765625, 1.161865234375, 1, 1
PAYMENT, OCC, multi_paxos, tpca, 25.082427275, 1, 684.5828679872052, 17171, 17171, 17170, 17171, 1.368896484375, 1.544921875, 1.87890625, 4.096923828125, 1.4039421232482916, 11.06884765625, 1.161865234375, 1, 1
