# txn_name, cc, ab, benchmark, duration, clients, tps, attempts, commits, start_cnt, total_cnt, 50.0, 90.0, 99.0, 99.9, avg, max, min, zipf, experiment_id
# git sha: 792820377bb72835259b7a29e4df08804e289d23
PAYMENT, 2PL, fpga_raft, tpca, 145.628502044, 1, 1133.143565194001, 165018, 165018, 165018, 165018, 0.782958984375, 1.04931640625, 2.325927734375, 8.352294921875, 0.8725791731228545, 25.435546875, 0.5947265625, 1, 1
PAYMENT, 2PL, fpga_raft, tpca, 145.628502044, 1, 1133.143565194001, 165018, 165018, 165018, 165018, 0.782958984375, 1.04931640625, 2.325927734375, 8.352294921875, 0.8725791731228545, 25.435546875, 0.5947265625, 1, 1
