# txn_name, cc, ab, benchmark, duration, clients, tps, attempts, commits, start_cnt, total_cnt, 50.0, 90.0, 99.0, 99.9, avg, max, min, zipf, experiment_id
# git sha: 792820377bb72835259b7a29e4df08804e289d23
PAYMENT, 2PL, fpga_raft, tpca, 145.52042968700002, 1, 1030.0340668482127, 149891, 149891, 149891, 149891, 0.904541015625, 1.093505859375, 2.270263671875, 7.292236328125, 0.9744000858750451, 209.321044921875, 0.64453125, 1, 1
PAYMENT, 2PL, fpga_raft, tpca, 145.52042968700002, 1, 1030.0340668482127, 149891, 149891, 149891, 149891, 0.904541015625, 1.093505859375, 2.270263671875, 7.292236328125, 0.9744000858750451, 209.321044921875, 0.64453125, 1, 1
