# txn_name, cc, ab, benchmark, duration, clients, tps, attempts, commits, start_cnt, total_cnt, 50.0, 90.0, 99.0, 99.9, avg, max, min, zipf, experiment_id
# git sha: 55f0a07ed9993f59eb3123d5bdca6e4fd146d69c
PAYMENT, OCC, multi_paxos, tpca, 25.076308829, 1, 737.0702014414883, 18483, 18483, 18482, 18483, 1.2978515625, 1.484375, 1.7255859375, 2.317138671875, 1.321327250996144, 5.20361328125, 1.02197265625, 1, 1
PAYMENT, OCC, multi_paxos, tpca, 25.076308829, 1, 737.0702014414883, 18483, 18483, 18482, 18483, 1.2978515625, 1.484375, 1.7255859375, 2.317138671875, 1.321327250996144, 5.20361328125, 1.02197265625, 1, 1
