# txn_name, cc, ab, benchmark, duration, clients, tps, attempts, commits, start_cnt, total_cnt, 50.0, 90.0, 99.0, 99.9, avg, max, min, zipf, experiment_id
# git sha: 55f0a07ed9993f59eb3123d5bdca6e4fd146d69c
PAYMENT, OCC, multi_paxos, tpca, 597.0564017759998, 1, 713.5891998355025, 426053, 426053, 426053, 426053, 1.33251953125, 1.618408203125, 2.070068359375, 2.416259765625, 1.366372777105439, 135.8798828125, 0.886962890625, 1, 1
PAYMENT, OCC, multi_paxos, tpca, 597.0564017759998, 1, 713.5891998355025, 426053, 426053, 426053, 426053, 1.33251953125, 1.618408203125, 2.070068359375, 2.416259765625, 1.366372777105439, 135.8798828125, 0.886962890625, 1, 1
