# txn_name, cc, ab, benchmark, duration, clients, tps, attempts, commits, start_cnt, total_cnt, 50.0, 90.0, 99.0, 99.9, avg, max, min, zipf, experiment_id
# git sha: 80eedac4e395b5ebc2b2189dff753ade7f8021e5
PAYMENT, 2PL, fpga_raft, tpca, 145.55412200600003, 1, 1089.4504244507982, 158574, 158574, 158574, 158574, 0.801025390625, 1.093017578125, 1.859619140625, 7.240234375, 0.8920007653827473, 44.00048828125, 0.629150390625, 1, 1
PAYMENT, 2PL, fpga_raft, tpca, 145.55412200600003, 1, 1089.4504244507982, 158574, 158574, 158574, 158574, 0.801025390625, 1.093017578125, 1.859619140625, 7.240234375, 0.8920007653827473, 44.00048828125, 0.629150390625, 1, 1
