# txn_name, cc, ab, benchmark, duration, clients, tps, attempts, commits, start_cnt, total_cnt, 50.0, 90.0, 99.0, 99.9, avg, max, min, zipf, experiment_id
# git sha: 55f0a07ed9993f59eb3123d5bdca6e4fd146d69c
PAYMENT, OCC, multi_paxos, tpca, 25.06976633, 1, 698.8497527013049, 17520, 17520, 17519, 17520, 1.361328125, 1.59326171875, 1.8759765625, 4.018310546875, 1.390905644290522, 5.799072265625, 1.024658203125, 1, 1
PAYMENT, OCC, multi_paxos, tpca, 25.06976633, 1, 698.8497527013049, 17520, 17520, 17519, 17520, 1.361328125, 1.59326171875, 1.8759765625, 4.018310546875, 1.390905644290522, 5.799072265625, 1.024658203125, 1, 1
